Individuals,Sex
Robert Bernard,Male
Abby Carrasco,Female
Aya Carrasco,Female
Carolina Carrasco,Female
Carolina Carrasco,Female
Conor Carrasco,Male
Dean Carrasco,Male
Denis Carrasco,Male
Emilie Carrasco,Female
Ethan Carrasco,Male
Hannah Carrasco,Female
Killian Carrasco,Male
Krishna Carrasco,Female
Magdalena Carrasco,Female
Manuel Carrasco,Male
Megan Carrasco,Female
Nina Carrasco,Female
Paz Carrasco,Female
Riku Carrasco,Male
Shota Carrasco,Male
Katharina Castro,Female
Jamie Connolly,Male
Aidan Durand,Male
Antonella Durand,Female
Belen Durand,Female
Daiki Durand,Male
Ellen Durand,Female
Franco Durand,Male
Hannah Durand,Female
Hina Durand,Female
Hina Durand,Female
Jack Durand,Male
Josefa Durand,Female
Kelly Durand,Female
Lucas Durand,Male
Manami Durand,Female
Owen Durand,Male
Shane Durand,Male
Shota Durand,Male
Sinead Durand,Female
Aaron Gonzalez,Male
Ami Gonzalez,Female
Aya Gonzalez,Female
Daniel Gonzalez,Male
Liam Gonzalez,Male
Monserrat Gonzalez,Female
Philipp Gonzalez,Male
Souta Gonzalez,Male
Jeremy Kennedy,Female
Barbara Lopez,Female
Hama Lopez,Male
Krishna Lopez,Female
Mitsuki Lopez,Female
Mai McCarthy,Male
Valentina Rodriguez,Female
Megane Simon,Female
Kazuki Steiner,Male
Kin Steiner,Male
Logan Steiner,Male
Mayu Steiner,Female
Olivier Summers,Male
Anna Takahashi,Female
David Takahashi,Male
Lucas Takahashi,Male
Robert Takahashi,Male
Ryouta Takahashi,Male
Bastian Carrasco,Male
Eva Carrasco,Female
Jack Carrasco,Male
Jamie Carrasco,Male
Jamie Carrasco,Male
Nathan Carrasco,Male
Shauna Carrasco,Female
Summer Carrasco,Female
Karin Castro,Female
Antonella Durand,Female
Ellen Durand,Female
Hama Durand,Male
Ignacio Durand,Male
Jose Durand,Male
Maximiliano Durand,Male
Monserrat Durand,Female
Nanako Durand,Female
Nicole Durand,Female
Orla Durand,Female
Reina Durand,Female
Rina Durand,Female
Denis Gonzalez,Male
Marko Gonzalez,Male
Barbara Kennedy,Female
Daiki Lopez,Male
Dominik Lopez,Male
Kaito Lopez,Male
Naoto Lopez,Male
Lee McCarthy,Male
Noemie Novak,Female
Tsaja Novak,Female
Carolina Price,Female
Mayu Price,Female
Miki Price,Female
Sakura Price,Female
Val Rodriguez,Male
Tsaja Simon,Female
Ai Summers,Female
Kin Summers,Male
Ignacio Takahashi,Male
Lea Takahashi,Female
Monserrat Gonzalez,Female
Amy Lopez,Female
Ryouta Takahashi,Male
Aya Carrasco,Female
Hina Durand,Female
Magdalena Carrasco,Female
Killian Carrasco,Male
Sarah Summers,Female
Nicholas Summers,Male
Antonella Durand,Female
Yui Durand,Female
Jeremy Kennedy,Male
Manuel Carrasco,Male
Shane Durand,Male
Denis Carrasco,Male
David Takahashi,Male
Mayu Steiner,Female
Kin Steiner,Male
Ellen Durand,Female
Robert Bernard,Male
Souta Gonzalez,Male
Olivier Summers,Male
Lucas Takahashi,Male
Jack Durand,Male
Hina Durand,Female
Aya Gonzalez,Female
Robert Lopez,Male
Grace Durand ,Female
Daiki Durand,Male
Abby Carrasco,Female
Darren Durand,Male
Manami Durand,Female
Aidan Durand,Male
Valentina Rodriguez,Female
Kelly Durand,Female
Louise Durand,Female
Belen Durand,Female
Lucas Durand,Male
Sophia Durand,Female
Ethan Carrasco,Male
Mitsuki Lopez,Female
Megane Simon,Female
Riku Carrasco,Male
Shota Carrasco,Male
Philipp Gonzalez,Male
Shota Durand,Male
Liam Gonzalez,Male
Krishna Carrasco,Female
Robert Takahashi,male
Barbara Lopez,Female
Franco Durand,Male
Conor Carrasco,Male
Jeremy Summers,Male
Emilie Carrasco,Female
Daniel Gonzalez,Male
Aaron Gonzalez,Male
Kevin Gonzalez,Male
Dean Carrasco,Male
Sinead Durand,Female
Miki Price,Female
Carolina Price,Female
Lee McCarthy,Male
Noemie Novak,Female
Gabriela Durand,Female
Ryouta Takahashi,Male
Aya Carrasco,Female
Hina Durand,Female
Sarah Summers,Female
Nicholas Summers,Male
Krishna Lopez,Female
Antonella Durand,Female
Ellen Durand,Female
Manuel Carrasco,Male
Carolina Carrasco,Female
Logan Steiner,Male
Carolina Carrasco,Female
Ellen Durand,Female
Robert Bernard,Male
Paz Carrasco,Female
Souta Gonzalez,Male
Olivier Summers,Male
Daniel Gonzalez,Male
Riku Rodriguez,Male
Ai Durand,Female
Ryouta Carrasco,Male
Catalina Lopez,Female
Jack Lopez,Male
Miyu Lopez,Female
Lea Steiner,Female
Alexander Novak,Male
Daiki Carrasco,Male
